{"cameraMode":{"drawMode":0,"name":"Shaded","section":"Shading Mode"},"sceneLighting":true,"audioPlay":false,"sceneViewState":{"m_AlwaysRefresh":false,"showFog":true,"showSkybox":true,"showFlares":true,"showImageEffects":true,"showParticleSystems":true,"showVisualEffectGraphs":true,"m_FxEnabled":true},"in2DMode":false,"pivot":{"x":8.012001037597657,"y":-4.3794755935668949,"z":14.719535827636719},"rotation":{"x":-0.17121635377407075,"y":-0.15681062638759614,"z":0.027614448219537736,"w":-0.9722867608070374},"size":19.493141174316408,"orthographic":false}