{"cameraMode":{"drawMode":0,"name":"Shaded","section":"Shading Mode"},"sceneLighting":false,"audioPlay":false,"sceneViewState":{"m_AlwaysRefresh":false,"showFog":true,"showSkybox":false,"showFlares":true,"showImageEffects":true,"showParticleSystems":true,"showVisualEffectGraphs":true,"m_FxEnabled":true},"in2DMode":false,"pivot":{"x":9.261585235595704,"y":0.23891711235046388,"z":2.2568435668945314},"rotation":{"x":-0.16880810260772706,"y":0.04640239104628563,"z":-0.00795556791126728,"w":-0.9845288395881653},"size":8.103555679321289,"orthographic":false}